"Serial Number","Issued DN","Import Date","Effective Date","Expiration Date","Issued CN","owner","Valid","comments"
"5E000177B823DE1E8FC6DB5CCF0000000177B8","CN=ecs.ce317.kroger.com,OU=Kroger Technology & Digital,O=The Kroger Co.,L=Cincinnati,ST=Ohio,C=US","2026-04-05T10:32:33.0200000","2026-04-05T10:22:31.0000000","2027-04-30T10:22:31.0000000","ecs.ce317.kroger.com","Rohith","Yes",""
"5E00017976D4224BA0125DB544000000017976","CN=ecs.ci001.kroger.com,OU=Kroger Technology & Digital,O=The Kroger Co.,L=Cincinnati,ST=Ohio,C=US","2026-04-15T15:19:31.0970000","2026-04-15T15:09:30.0000000","2027-05-10T15:09:30.0000000","ecs.ci001.kroger.com","Rohith","NO",""
"5E00019C8D64F19FF10E115AA6000000019C8D","CN=ecs.ci001.kroger.com,OU=Kroger Technology & Digital,O=The Kroger Co.,L=Cincinnati,ST=Ohio,C=US","2026-05-21T05:08:41.2570000","2026-05-21T04:58:41.0000000","2027-06-15T04:58:41.0000000","ecs.ci001.kroger.com","Rohith","NO",""
"5E00019ED6C9AEFAE566EEBF1D000000019ED6","CN=ecs.ci001.kroger.com,OU=Kroger Technology & Digital,O=The Kroger Co.,L=Cincinnati,ST=Ohio,C=US","2026-06-08T15:48:00.7370000","2026-06-08T15:38:00.0000000","2027-07-03T15:38:00.0000000","ecs.ci001.kroger.com","Rohith","NO",""
"5E00019EDB24B40E8BFE832E37000000019EDB","CN=ecs.ci001.kroger.com,OU=Kroger Technology & Digital,O=The Kroger Co.,L=Cincinnati,ST=Ohio,C=US","2026-06-08T16:22:48.0970000","2026-06-08T16:12:47.0000000","2027-07-03T16:12:47.0000000","ecs.ci001.kroger.com","Rohith","NO",""
"5E00019EE1B3E01653768EAD2F000000019EE1","CN=ecs.ci001.kroger.com,OU=Kroger Technology & Digital,O=The Kroger Co.,L=Cincinnati,ST=Ohio,C=US","2026-06-08T16:57:33.6800000","2026-06-08T16:47:33.0000000","2027-07-03T16:47:33.0000000","ecs.ci001.kroger.com","Rohith","NO",""
"5E00019EE66CA6A0A3F519B9E2000000019EE6","CN=ecs.ci001.kroger.com,OU=Kroger Technology & Digital,O=The Kroger Co.,L=Cincinnati,ST=Ohio,C=US","2026-06-08T17:43:41.7200000","2026-06-08T17:33:41.0000000","2027-07-03T17:33:41.0000000","ecs.ci001.kroger.com","Rohith","Yes",""
"5E00019EEB0E451DD177DA403C000000019EEB","CN=ecs.ci003.kroger.com,OU=Kroger Technology & Digital,O=The Kroger Co.,L=Cincinnati,ST=Ohio,C=US","2026-06-08T18:13:49.4430000","2026-06-08T18:03:49.0000000","2027-07-03T18:03:49.0000000","ecs.ci003.kroger.com","Rohith","NO",""
"5E00019EFE7B1F2875F545D3ED000000019EFE","CN=ecs.ci003.kroger.com,OU=Kroger Technology & Digital,O=The Kroger Co.,L=Cincinnati,ST=Ohio,C=US","2026-06-09T11:32:06.3770000","2026-06-09T11:22:06.0000000","2027-07-04T11:22:06.0000000","ecs.ci003.kroger.com","Rohith","Yes",""
"5E00019CE69F5C445EED3F0D81000000019CE6","CN=ecs.ci003.kroger.com,OU=Kroger Technology & Digital,O=The Kroger Co.,L=Cincinnati,ST=Ohio,C=US","2026-05-25T16:48:35.8170000","2026-05-25T16:38:35.0000000","2027-06-19T16:38:35.0000000","ecs.ci003.kroger.com","Rohith","NO",""
"5E00018566856CA32BCD5D8CED000000018566","CN=ecs.ci003.kroger.com,OU=Kroger Technology & Digital,O=The Kroger Co.,L=Cincinnati,ST=Ohio,C=US","2026-04-29T04:03:06.4770000","2026-04-29T03:53:05.0000000","2027-05-24T03:53:05.0000000","ecs.ci003.kroger.com","Rohith","NO",""
"5E0001857A332C16C8500EEF3600000001857A","CN=ecs.ci003.kroger.com,OU=Kroger Technology & Digital,O=The Kroger Co.,L=Cincinnati,ST=Ohio,C=US","2026-04-30T08:03:29.4100000","2026-04-30T07:53:29.0000000","2027-05-25T07:53:29.0000000","ecs.ci003.kroger.com","Rohith","NO",""
"5E0001857EA53D77E2AE8286F900000001857E","CN=ecs.ci003.kroger.com,OU=Kroger Technology & Digital,O=The Kroger Co.,L=Cincinnati,ST=Ohio,C=US","2026-04-30T10:03:27.3530000","2026-04-30T09:53:27.0000000","2027-05-25T09:53:27.0000000","ecs.ci003.kroger.com","Rohith","NO",""
"5E000185CB3EC03C9B50A4E8180000000185CB","CN=ecs.ci003.kroger.com,OU=Kroger Technology & Digital,O=The Kroger Co.,L=Cincinnati,ST=Ohio,C=US","2026-05-06T09:27:49.3470000","2026-05-06T09:17:49.0000000","2027-05-31T09:17:49.0000000","ecs.ci003.kroger.com","Rohith","NO",""
"5E000185CFD29B7C58336DEC590000000185CF","CN=ecs.ci003.kroger.com,OU=Kroger Technology & Digital,O=The Kroger Co.,L=Cincinnati,ST=Ohio,C=US","2026-05-06T12:17:13.9330000","2026-05-06T12:07:13.0000000","2027-05-31T12:07:13.0000000","ecs.ci003.kroger.com","Rohith","NO",""
"5E000184C0F27979DB35223D520000000184C0","CN=ecs.ci003.kroger.com,OU=Kroger Technology & Digital,O=The Kroger Co.,L=Cincinnati,ST=Ohio,C=US","2026-04-20T16:52:08.4170000","2026-04-20T16:42:08.0000000","2027-05-15T16:42:08.0000000","ecs.ci003.kroger.com","Rohith","NO",""
"5E000184CF1615499A18C677A90000000184CF","CN=ecs.ci003.kroger.com,OU=Kroger Technology & Digital,O=The Kroger Co.,L=Cincinnati,ST=Ohio,C=US","2026-04-21T12:12:45.9400000","2026-04-21T12:02:45.0000000","2027-05-16T12:02:45.0000000","ecs.ci003.kroger.com","Rohith","NO",""
"5E000184FE7CF98A3FF571D0590000000184FE","CN=ecs.ci003.kroger.com,OU=Kroger Technology & Digital,O=The Kroger Co.,L=Cincinnati,ST=Ohio,C=US","2026-04-23T11:31:49.9200000","2026-04-23T11:21:49.0000000","2027-05-18T11:21:49.0000000","ecs.ci003.kroger.com","Rohith","NO",""
"5E0001851127B7AA7A9745A8A2000000018511","CN=ecs.ci003.kroger.com,OU=Kroger Technology & Digital,O=The Kroger Co.,L=Cincinnati,ST=Ohio,C=US","2026-04-24T07:47:45.1970000","2026-04-24T07:37:41.0000000","2027-05-19T07:37:41.0000000","ecs.ci003.kroger.com","Rohith","NO",""
"5E0001851854937B16701BB539000000018518","CN=ecs.ci003.kroger.com,OU=Kroger Technology & Digital,O=The Kroger Co.,L=Cincinnati,ST=Ohio,C=US","2026-04-24T09:45:19.2770000","2026-04-24T09:35:19.0000000","2027-05-19T09:35:19.0000000","ecs.ci003.kroger.com","Rohith","NO",""
"5E0000266C84F1C97F2D56F5CC00000000266C","CN=ecs.ci003.kroger.com,OU=Kroger Technology & Digital,O=The Kroger Co.,L=Cincinnati,ST=OH,C=US","2025-09-29T15:25:56.5800000","2025-09-29T15:15:55.0000000","2026-10-24T15:15:55.0000000","ecs.ci003.kroger.com","Rohith","NO",""
"No Matching","E=SATInStoreCloud@kroger.com,CN=ecs.ci009.kroger.com,OU=INF-InStoreCloud,O=The Kroger Co.,L=Cincinnati,ST=OH,C=US","2024-11-02T01:43:43.4370000","2024-11-02T01:33:43.0000000","2025-11-27T01:33:43.0000000","ecs.ci009.kroger.com","Rohith","NO",""
"No Matching","E=SATInStoreCloud@kroger.com,CN=ecs.ci009.kroger.com,OU=INF-InStoreCloud,O=The Kroger Co.,L=Cincinnati,ST=OH,C=US","2024-11-27T14:31:47.5400000","2024-11-27T14:21:47.0000000","2025-12-22T14:21:47.0000000","ecs.ci009.kroger.com","Rohith","NO",""
"5E000003BB892F8F58FE20612C0000000003BB","CN=ecs.ci009.kroger.com,OU=Kroger Technology & Digital,O=The Kroger Co.,L=Cincinnati,ST=Ohio,C=US","2025-05-19T12:44:34.7930000","2025-05-19T12:34:33.0000000","2026-06-13T12:34:33.0000000","ecs.ci009.kroger.com","Rohith","NO",""
"5E000003BD3F18E7888E8DE8380000000003BD","CN=ecs.ci009.kroger.com,OU=Kroger Technology & Digital,O=The Kroger Co.,L=Cincinnati,ST=Ohio,C=US","2025-05-19T15:10:29.9200000","2025-05-19T15:00:28.0000000","2026-06-13T15:00:28.0000000","ecs.ci009.kroger.com","Rohith","NO",""
"5E000003E0FBDF4C241896A5550000000003E0","CN=ecs.ci009.kroger.com,OU=Kroger Technology & Digital,O=The Kroger Co.,L=Cincinnati,ST=Ohio,C=US","2025-05-21T14:04:33.1770000","2025-05-21T13:54:32.0000000","2026-06-15T13:54:32.0000000","ecs.ci009.kroger.com","Rohith","NO",""
"5E000185D816A91E2CA2E348250000000185D8","CN=ecs.ci009.kroger.com,OU=Kroger Technology & Digital,O=The Kroger Co.,L=Cincinnati,ST=Ohio,C=US","2026-05-06T18:55:54.8770000","2026-05-06T18:45:53.0000000","2027-05-31T18:45:53.0000000","ecs.ci009.kroger.com","Rohith","NO",""
"5E00019E11BE2E082854ADFA9D000000019E11","CN=ecs.ci009.kroger.com,OU=Kroger Technology & Digital,O=The Kroger Co.,L=Cincinnati,ST=Ohio,C=US","2026-06-05T10:21:52.4430000","2026-06-05T10:11:52.0000000","2027-06-30T10:11:52.0000000","ecs.ci009.kroger.com","Rohith","Yes",""
"5E00019E0EA559923AB46D833E000000019E0E","CN=ecs.ci009.kroger.com,OU=Kroger Technology & Digital,O=The Kroger Co.,L=Cincinnati,ST=Ohio,C=US","2026-06-05T10:20:54.0430000","2026-06-05T10:10:53.0000000","2027-06-30T10:10:53.0000000","ecs.ci009.kroger.com","Rohith","Yes",""
"5E00019D4A9AB77DA59C5F7B85000000019D4A","CN=ecs.ci009h.kroger.com,OU=Kroger Technology & Digital,O=The Kroger Co.,L=Cincinnati,ST=Ohio,C=US","2026-05-29T19:59:06.4970000","2026-05-29T19:49:05.0000000","2027-06-23T19:49:05.0000000","ecs.ci009h.kroger.com","Rohith","Yes",""
"5E00019D83935DEAE2EECD0106000000019D83","CN=ecs.ci020.kroger.com,OU=Kroger Technology & Digital,O=The Kroger Co.,L=Cincinnati,ST=Ohio,C=US","2026-06-02T10:57:43.9830000","2026-06-02T10:47:43.0000000","2027-06-27T10:47:43.0000000","ecs.ci020.kroger.com","Rohith","Yes",""
"7D000005E5E15913194E7E01E40000000005E5","E=SATInStoreCloud@kroger.com,CN=ecs.ci020.kroger.com,OU=INF-InStoreCloud,O=The Kroger Co.,L=Cincinnati,ST=OH,C=US","2024-10-03T19:28:40.5970000","2024-10-03T19:18:40.0000000","2025-10-28T19:18:40.0000000","ecs.ci020.kroger.com","Rohith","NO",""
"7D000006646581C0DB3BC18A63000000000664","E=SATInStoreCloud@kroger.com,CN=ecs.ci020.kroger.com,OU=INF-InStoreCloud,O=The Kroger Co.,L=Cincinnati,ST=OH,C=US","2024-10-23T20:51:41.6470000","2024-10-23T20:41:41.0000000","2025-11-17T20:41:41.0000000","ecs.ci020.kroger.com","Rohith","NO",""
"5E000003E7F257E2E463CFFCF30000000003E7","CN=ecs.ci021.kroger.com,OU=Kroger Technology & Digital,O=The Kroger Co.,L=Cincinnati,ST=Ohio,C=US","2025-05-22T14:36:08.7630000","2025-05-22T14:26:08.0000000","2026-06-16T14:26:08.0000000","ecs.ci021.kroger.com","Rohith","NO",""
"5E000003E878C9B335CBE0C6CC0000000003E8","CN=ecs.ci021.kroger.com,OU=Kroger Technology & Digital,O=The Kroger Co.,L=Cincinnati,ST=Ohio,C=US","2025-05-22T14:36:27.1170000","2025-05-22T14:26:27.0000000","2026-06-16T14:26:27.0000000","ecs.ci021.kroger.com","Rohith","NO",""
"5E000003E9338C30A32B06DEFB0000000003E9","CN=ecs.ci021.kroger.com,OU=Kroger Technology & Digital,O=The Kroger Co.,L=Cincinnati,ST=Ohio,C=US","2025-05-22T14:38:59.3770000","2025-05-22T14:28:59.0000000","2026-06-16T14:28:59.0000000","ecs.ci021.kroger.com","Rohith","NO",""
"5E00013FE9F9489F9E6A2215A0000000013FE9","CN=ecs.ci021.kroger.com,OU=Kroger Technology & Digital,O=The Kroger Co.,L=Cincinnati,ST=Ohio,C=US","2025-10-15T11:01:20.9030000","2025-10-15T10:51:19.0000000","2026-11-09T10:51:19.0000000","ecs.ci021.kroger.com","Rohith","Yes",""
"5E00013FF4FF5028C0A0AB25AE000000013FF4","CN=ecs.ci022.kroger.com,OU=Kroger Technology & Digital,O=The Kroger Co.,L=Cincinnati,ST=Ohio,C=US","2025-10-17T13:35:41.6270000","2025-10-17T13:25:37.0000000","2026-11-11T13:25:37.0000000","ecs.ci022.kroger.com","Rohith","Yes",""
"7D0000071AB058132AA593A35E00000000071A","E=SATInStoreCloud@kroger.com,CN=ecs.ci022.kroger.com,OU=INF-InStoreCloud,O=The Kroger Co.,L=Cincinnati,ST=OH,C=US","2024-11-21T16:47:22.2830000","2024-11-21T16:37:22.0000000","2025-12-16T16:37:22.0000000","ecs.ci022.kroger.com","Rohith","NO",""
"5E00016C4F3C38BA00A608826B000000016C4F","CN=ecs.ci705.kroger.com,OU=Kroger Technology & Digital,O=The Kroger Co.,L=Cincinnati,ST=Ohio,C=US","2026-02-26T11:12:39.6730000","2026-02-26T11:02:39.0000000","2027-03-23T11:02:39.0000000","ecs.ci705.kroger.com","Rohith","Yes",""
"5E00000F26C9311BDF02488EDD000000000F26","CN=ecs.ci921.kroger.com,OU=Kroger Technology & Digital,O=The Kroger Co.,L=Cincinnati,ST=Ohio,C=US","2025-06-20T07:18:25.5700000","2025-06-20T07:08:21.0000000","2026-07-15T07:08:21.0000000","ecs.ci921.kroger.com","Rohith","NO",""
"5E00001CEB13BAB8136AD60D28000000001CEB","CN=ecs.ci921.kroger.com,OU=Kroger Technology & Digital,O=The Kroger Co.,L=Cincinnati,ST=Ohio,C=US","2025-08-12T03:14:21.5200000","2025-08-12T03:04:20.0000000","2026-09-06T03:04:20.0000000","ecs.ci921.kroger.com","Rohith","Yes",""
"5E00001CEF35E2833B0D544B18000000001CEF","CN=ecs.ci921.kroger.com,OU=Kroger Technology & Digital,O=The Kroger Co.,L=Cincinnati,ST=Ohio,C=US","2025-08-12T03:41:49.2400000","2025-08-12T03:31:48.0000000","2026-09-06T03:31:48.0000000","ecs.ci921.kroger.com","Rohith","Yes",""
"5E000159A2F91B65057842281B0000000159A2","CN=ecs.ci971.kroger.com,OU=Kroger Technology & Digital,O=The Kroger Co.,L=Cincinnati,ST=Ohio,C=US","2025-12-08T12:17:47.0130000","2025-12-08T12:07:45.0000000","2027-01-02T12:07:45.0000000","ecs.ci971.kroger.com","Rohith","Yes",""
"5E0001848FAF193442BC2AA93800000001848F","CN=ecs.di003.kroger.com,OU=Kroger Technology & Digital,O=The Kroger Co.,L=Cincinnati,ST=Ohio,C=US","2026-04-17T10:10:01.6300000","2026-04-17T10:00:00.0000000","2027-05-12T10:00:00.0000000","ecs.di003.kroger.com","Rohith","Yes",""
"5E0001790701FC53425DF7FBBC000000017907","CN=ecs.di008.kroger.com,OU=Kroger Technology & Digital,O=The Kroger Co.,L=Cincinnati,ST=Ohio,C=US","2026-04-09T23:02:37.7770000","2026-04-09T22:52:36.0000000","2027-05-04T22:52:36.0000000","ecs.di008.kroger.com","Rohith","Yes",""
"5E0001791EF3D933A6B3A58C2C00000001791E","CN=ecs.di009.kroger.com,OU=Kroger Technology & Digital,O=The Kroger Co.,L=Cincinnati,ST=Ohio,C=US","2026-04-10T19:24:26.7400000","2026-04-10T19:14:25.0000000","2027-05-05T19:14:25.0000000","ecs.di009.kroger.com","Rohith","Yes",""
"5E000178F3C06F93042D0C108B0000000178F3","CN=ecs.di032.kroger.com,OU=Kroger Technology & Digital,O=The Kroger Co.,L=Cincinnati,ST=Ohio,C=US","2026-04-09T18:03:21.5270000","2026-04-09T17:53:20.0000000","2027-05-04T17:53:20.0000000","ecs.di032.kroger.com","Rohith","Yes",""
"5E00019CDDF442C21B060426F4000000019CDD","CN=ecs.di039.kroger.com,OU=Kroger Technology & Digital,O=The Kroger Co.,L=Cincinnati,ST=Ohio,C=US","2026-05-24T11:17:38.5530000","2026-05-24T11:07:37.0000000","2027-06-18T11:07:37.0000000","ecs.di039.kroger.com","Rohith","Yes",""
"5E000177BD0A46254CDAE397C30000000177BD","CN=ecs.di057.kroger.com,OU=Kroger Technology & Digital,O=The Kroger Co.,L=Cincinnati,ST=Ohio,C=US","2026-04-06T00:51:42.1470000","2026-04-06T00:41:40.0000000","2027-05-01T00:41:40.0000000","ecs.di057.kroger.com","Rohith","Yes",""
"5E000141A4CC1D6ADBF24F8BEB0000000141A4","CN=ecs.fl300.kroger.com,OU=Kroger Technology & Digital,O=The Kroger Co.,L=Cincinnati,ST=Ohio,C=US","2025-10-24T07:48:32.3570000","2025-10-24T07:38:32.0000000","2026-11-18T07:38:32.0000000","ecs.fl300.kroger.com","Vikrant","Yes",""
"5E000141B21897F47D7D35F26F0000000141B2","CN=ecs.fl301.kroger.com,OU=Kroger Technology & Digital,O=The Kroger Co.,L=Cincinnati,ST=Ohio,C=US","2025-10-27T07:15:43.3100000","2025-10-27T07:05:43.0000000","2026-11-21T07:05:43.0000000","ecs.fl301.kroger.com","Vikrant","Yes",""
"5E00014261AFFFC8014918CD6B000000014261","CN=ecs.fl302.kroger.com,OU=Kroger Technology & Digital,O=The Kroger Co.,L=Cincinnati,ST=Ohio,C=US","2025-10-28T11:49:59.3200000","2025-10-28T11:39:58.0000000","2026-11-22T11:39:58.0000000","ecs.fl302.kroger.com","Vikrant","Yes",""
"5E000142663D5B3D5F1B5CBBFD000000014266","CN=ecs.fl303.kroger.com,OU=Kroger Technology & Digital,O=The Kroger Co.,L=Cincinnati,ST=Ohio,C=US","2025-10-28T13:31:37.0230000","2025-10-28T13:21:36.0000000","2026-11-22T13:21:36.0000000","ecs.fl303.kroger.com","Vikrant","Yes",""
"5E000185ADEC98EA4205A7782F0000000185AD","CN=ecs.fl305.kroger.com,OU=Kroger Technology & Digital,O=The Kroger Co.,L=Cincinnati,ST=Ohio,C=US","2026-05-03T20:09:06.8300000","2026-05-03T19:59:05.0000000","2027-05-28T19:59:05.0000000","ecs.fl305.kroger.com","Vikrant","Yes",""
"5E00019A096FCFC2F5551CB17A000000019A09","CN=ecs.fl308.kroger.com,OU=Kroger Technology & Digital,O=The Kroger Co.,L=Cincinnati,ST=Ohio,C=US","2026-05-14T12:11:50.2430000","2026-05-14T12:01:47.0000000","2027-06-08T12:01:47.0000000","ecs.fl308.kroger.com","Vikrant","Yes",""
"5E000185EE3CC2E38B87BF9E630000000185EE","CN=ecs.fl311.kroger.com,OU=Kroger Technology & Digital,O=The Kroger Co.,L=Cincinnati,ST=Ohio,C=US","2026-05-09T12:29:46.2270000","2026-05-09T12:19:44.0000000","2027-06-03T12:19:44.0000000","ecs.fl311.kroger.com","Vikrant","Yes",""
"5E000003FD2FDD64D48C9CE5730000000003FD","CN=ecs.fl312.kroger.com,OU=Kroger Technology & Digital,O=The Kroger Co.,L=Cincinnati,ST=Ohio,C=US","2025-05-29T18:28:01.1970000","2025-05-29T18:17:56.0000000","2026-06-23T18:17:56.0000000","ecs.fl312.kroger.com","Vikrant","Yes",""
"5E000185AC681C9427F2FB276E0000000185AC","CN=ecs.fl318.kroger.com,OU=Kroger Technology & Digital,O=The Kroger Co.,L=Cincinnati,ST=Ohio,C=US","2026-05-03T20:02:54.7400000","2026-05-03T19:52:53.0000000","2027-05-28T19:52:53.0000000","ecs.fl318.kroger.com","Vikrant","Yes",""
"5E000184B01A925EF48088ED510000000184B0","CN=ecs.fl319.kroger.com,OU=Kroger Technology & Digital,O=The Kroger Co.,L=Cincinnati,ST=Ohio,C=US","2026-04-19T18:45:44.7000000","2026-04-19T18:35:41.0000000","2027-05-14T18:35:41.0000000","ecs.fl319.kroger.com","Vikrant","Yes",""
"5E00019A3171936006FC0DB12D000000019A31","CN=ecs.fl329.kroger.com,OU=Kroger Technology & Digital,O=The Kroger Co.,L=Cincinnati,ST=Ohio,C=US","2026-05-16T12:06:19.0930000","2026-05-16T11:56:18.0000000","2027-06-10T11:56:18.0000000","ecs.fl329.kroger.com","Vikrant","Yes",""
"5E0001858F0F74D01F0ECDB7B200000001858F","CN=ecs.fl345.kroger.com,OU=Kroger Technology & Digital,O=The Kroger Co.,L=Cincinnati,ST=Ohio,C=US","2026-05-01T14:45:29.0830000","2026-05-01T14:35:27.0000000","2027-05-26T14:35:27.0000000","ecs.fl345.kroger.com","Vikrant","Yes",""
"5E00018DAB3A99D069BC018B78000000018DAB","CN=ecs.fl346.kroger.com,OU=Kroger Technology & Digital,O=The Kroger Co.,L=Cincinnati,ST=Ohio,C=US","2026-05-11T06:56:55.4200000","2026-05-11T06:46:52.0000000","2027-06-05T06:46:52.0000000","ecs.fl346.kroger.com","Vikrant","NO",""
"5E00018E05D3BC95E19B054768000000018E05","CN=ecs.fl346.kroger.com,OU=Kroger Technology & Digital,O=The Kroger Co.,L=Cincinnati,ST=Ohio,C=US","2026-05-11T06:57:07.2870000","2026-05-11T06:47:07.0000000","2027-06-05T06:47:07.0000000","ecs.fl346.kroger.com","Vikrant","Yes",""
"5E0001859EBB497F2C7268670C00000001859E","CN=ecs.fl347.kroger.com,OU=Kroger Technology & Digital,O=The Kroger Co.,L=Cincinnati,ST=Ohio,C=US","2026-05-02T08:42:59.5300000","2026-05-02T08:32:57.0000000","2027-05-27T08:32:57.0000000","ecs.fl347.kroger.com","Vikrant","Yes",""
"5E00000F9692776C2C9C5073E4000000000F96","CN=ecs.fl349.kroger.com,OU=Kroger Technology & Digital,O=The Kroger Co.,L=Cincinnati,ST=Ohio,C=US","2025-06-24T22:57:08.1570000","2025-06-24T22:47:07.0000000","2026-07-19T22:47:07.0000000","ecs.fl349.kroger.com","Vikrant","NO",""
"5E00001B2DCE8D11470A57816C000000001B2D","CN=ecs.fl349.kroger.com,OU=Kroger Technology & Digital,O=The Kroger Co.,L=Cincinnati,ST=Ohio,C=US","2025-08-01T12:55:03.5600000","2025-08-01T12:45:01.0000000","2026-08-26T12:45:01.0000000","ecs.fl349.kroger.com","Vikrant","Yes",""
"5E00019A2CFA7E77356A0C467C000000019A2C","CN=ecs.fl374.kroger.com,OU=Kroger Technology & Digital,O=The Kroger Co.,L=Cincinnati,ST=Ohio,C=US","2026-05-15T15:48:52.8230000","2026-05-15T15:38:51.0000000","2027-06-09T15:38:51.0000000","ecs.fl374.kroger.com","Vikrant","Yes",""
"5E000185F464132CA93155715B0000000185F4","CN=ecs.fl385.kroger.com,OU=Kroger Technology & Digital,O=The Kroger Co.,L=Cincinnati,ST=Ohio,C=US","2026-05-10T09:00:26.1500000","2026-05-10T08:50:25.0000000","2027-06-04T08:50:25.0000000","ecs.fl385.kroger.com","Vikrant","Yes",""
"5E000185A13751BD3BBB070A970000000185A1","CN=ecs.fl386.kroger.com,OU=Kroger Technology & Digital,O=The Kroger Co.,L=Cincinnati,ST=Ohio,C=US","2026-05-02T10:39:49.9900000","2026-05-02T10:29:49.0000000","2027-05-27T10:29:49.0000000","ecs.fl386.kroger.com","Vikrant","Yes",""
"5E00019A274E57A8F3EFCB946F000000019A27","CN=ecs.fl389.kroger.com,OU=Kroger Technology & Digital,O=The Kroger Co.,L=Cincinnati,ST=Ohio,C=US","2026-05-15T08:03:51.3970000","2026-05-15T07:53:47.0000000","2027-06-09T07:53:47.0000000","ecs.fl389.kroger.com","Vikrant","Yes",""
"5E000184B18D8EF5DA6E70559D0000000184B1","CN=ecs.fl397.kroger.com,OU=Kroger Technology & Digital,O=The Kroger Co.,L=Cincinnati,ST=Ohio,C=US","2026-04-19T21:52:15.9030000","2026-04-19T21:42:14.0000000","2027-05-14T21:42:14.0000000","ecs.fl397.kroger.com","Vikrant","Yes",""
"5E000185F3F05DB72367B792B10000000185F3","CN=ecs.fl398.kroger.com,OU=Kroger Technology & Digital,O=The Kroger Co.,L=Cincinnati,ST=Ohio,C=US","2026-05-10T08:16:16.7800000","2026-05-10T08:06:15.0000000","2027-06-04T08:06:15.0000000","ecs.fl398.kroger.com","Vikrant","Yes",""
"5E000185ABF930F81D5B74D29A0000000185AB","CN=ecs.fl517.kroger.com,OU=Kroger Technology & Digital,O=The Kroger Co.,L=Cincinnati,ST=Ohio,C=US","2026-05-03T19:31:08.1270000","2026-05-03T19:21:04.0000000","2027-05-28T19:21:04.0000000","ecs.fl517.kroger.com","Vikrant","Yes",""
"5E000141A236A09EA36D4C33E50000000141A2","CN=ecs.fl551.kroger.com,OU=Kroger Technology & Digital,O=The Kroger Co.,L=Cincinnati,ST=Ohio,C=US","2025-10-24T06:37:00.2370000","2025-10-24T06:26:56.0000000","2026-11-18T06:26:56.0000000","ecs.fl551.kroger.com","Vikrant","Yes",""
"5E0001859314E4AE867B1682E8000000018593","CN=ecs.fl765.kroger.com,OU=Kroger Technology & Digital,O=The Kroger Co.,L=Cincinnati,ST=Ohio,C=US","2026-05-01T16:20:59.6000000","2026-05-01T16:10:58.0000000","2027-05-26T16:10:58.0000000","ecs.fl765.kroger.com","Vikrant","Yes",""
"5E000184911CD70164BE4E41B9000000018491","CN=ecs.fl774.kroger.com,OU=Kroger Technology & Digital,O=The Kroger Co.,L=Cincinnati,ST=Ohio,C=US","2026-04-17T12:13:52.7070000","2026-04-17T12:03:51.0000000","2027-05-12T12:03:51.0000000","ecs.fl774.kroger.com","Vikrant","Yes",""
"5E000184A96306173F47B3CD8B0000000184A9","CN=ecs.fl781.kroger.com,OU=Kroger Technology & Digital,O=The Kroger Co.,L=Cincinnati,ST=Ohio,C=US","2026-04-18T08:43:41.1300000","2026-04-18T08:33:39.0000000","2027-05-13T08:33:39.0000000","ecs.fl781.kroger.com","Vikrant","Yes",""
"5E000184AB48290A6A8194CB020000000184AB","CN=ecs.fl782.kroger.com,OU=Kroger Technology & Digital,O=The Kroger Co.,L=Cincinnati,ST=Ohio,C=US","2026-04-19T03:22:50.5270000","2026-04-19T03:12:47.0000000","2027-05-14T03:12:47.0000000","ecs.fl782.kroger.com","Vikrant","Yes",""
"5E00016A419577F536E5228830000000016A41","CN=ecs.fm460.kroger.com,OU=Kroger Technology & Digital,O=The Kroger Co.,L=Cincinnati,ST=Ohio,C=US","2026-01-09T18:07:39.1600000","2026-01-09T17:57:38.0000000","2027-02-03T17:57:38.0000000","ecs.fm460.kroger.com","Vikrant","Yes",""
"5E00000F2ACACEE775EEB66E63000000000F2A","CN=ecs.lo001.kroger.com,OU=Kroger Technology & Digital,O=The Kroger Co.,L=Cincinnati,ST=Ohio,C=US","2025-06-20T08:37:19.0400000","2025-06-20T08:27:18.0000000","2026-07-15T08:27:18.0000000","ecs.lo001.kroger.com","Vikrant","NO",""
"5E00000F2B2C2735E2B12289B1000000000F2B","CN=ecs.lo001.kroger.com,OU=Kroger Technology & Digital,O=The Kroger Co.,L=Cincinnati,ST=Ohio,C=US","2025-06-20T10:13:32.4570000","2025-06-20T10:03:30.0000000","2026-07-15T10:03:30.0000000","ecs.lo001.kroger.com","Vikrant","NO",""
"5E00000F31DDB254868A184B7E000000000F31","CN=ecs.lo001.kroger.com,OU=Kroger Technology & Digital,O=The Kroger Co.,L=Cincinnati,ST=Ohio,C=US","2025-06-20T10:23:40.4330000","2025-06-20T10:13:39.0000000","2026-07-15T10:13:39.0000000","ecs.lo001.kroger.com","Vikrant","NO",""
"5E00000F328EFA3B750C511E80000000000F32","CN=ecs.lo001.kroger.com,OU=Kroger Technology & Digital,O=The Kroger Co.,L=Cincinnati,ST=Ohio,C=US","2025-06-20T10:24:20.0430000","2025-06-20T10:14:19.0000000","2026-07-15T10:14:19.0000000","ecs.lo001.kroger.com","Vikrant","NO",""
"5E00000F33E477E60FD89ACA8A000000000F33","CN=ecs.lo001.kroger.com,OU=Kroger Technology & Digital,O=The Kroger Co.,L=Cincinnati,ST=Ohio,C=US","2025-06-20T10:26:36.6100000","2025-06-20T10:16:36.0000000","2026-07-15T10:16:36.0000000","ecs.lo001.kroger.com","Vikrant","NO",""
"5E00000F34FC85D814AF816680000000000F34","CN=ecs.lo001.kroger.com,OU=Kroger Technology & Digital,O=The Kroger Co.,L=Cincinnati,ST=Ohio,C=US","2025-06-20T10:29:17.8670000","2025-06-20T10:19:17.0000000","2026-07-15T10:19:17.0000000","ecs.lo001.kroger.com","Vikrant","NO",""
"5E00000F3586E2FD95014F86B1000000000F35","CN=ecs.lo001.kroger.com,OU=Kroger Technology & Digital,O=The Kroger Co.,L=Cincinnati,ST=Ohio,C=US","2025-06-20T10:30:36.7030000","2025-06-20T10:20:35.0000000","2026-07-15T10:20:35.0000000","ecs.lo001.kroger.com","Vikrant","NO",""
"5E00000F36534EB39376C64BE4000000000F36","CN=ecs.lo001.kroger.com,OU=Kroger Technology & Digital,O=The Kroger Co.,L=Cincinnati,ST=Ohio,C=US","2025-06-20T10:32:57.2130000","2025-06-20T10:22:56.0000000","2026-07-15T10:22:56.0000000","ecs.lo001.kroger.com","Vikrant","NO",""
"5E00000F376B17B18BCD430042000000000F37","CN=ecs.lo001.kroger.com,OU=Kroger Technology & Digital,O=The Kroger Co.,L=Cincinnati,ST=Ohio,C=US","2025-06-20T10:33:33.8100000","2025-06-20T10:23:32.0000000","2026-07-15T10:23:32.0000000","ecs.lo001.kroger.com","Vikrant","NO",""
"5E00000F38B8D03B9472CA9BA6000000000F38","CN=ecs.lo001.kroger.com,OU=Kroger Technology & Digital,O=The Kroger Co.,L=Cincinnati,ST=Ohio,C=US","2025-06-20T10:34:06.8400000","2025-06-20T10:24:06.0000000","2026-07-15T10:24:06.0000000","ecs.lo001.kroger.com","Vikrant","NO",""
"5E00000F397D1153EAC561961E000000000F39","CN=ecs.lo001.kroger.com,OU=Kroger Technology & Digital,O=The Kroger Co.,L=Cincinnati,ST=Ohio,C=US","2025-06-20T10:35:04.4330000","2025-06-20T10:25:04.0000000","2026-07-15T10:25:04.0000000","ecs.lo001.kroger.com","Vikrant","Yes",""
"5E00016D5ED087E9A0048D9A57000000016D5E","CN=ecs.lo017.kroger.com,OU=Kroger Technology & Digital,O=The Kroger Co.,L=Cincinnati,ST=Ohio,C=US","2026-03-20T08:25:35.7970000","2026-03-20T08:15:31.0000000","2027-04-14T08:15:31.0000000","ecs.lo017.kroger.com","Vikrant","Yes",""
"5E000177B96D7C7E25A1577D590000000177B9","CN=ecs.lo070.kroger.com,OU=Kroger Technology & Digital,O=The Kroger Co.,L=Cincinnati,ST=Ohio,C=US","2026-04-05T12:01:36.8000000","2026-04-05T11:51:35.0000000","2027-04-30T11:51:35.0000000","ecs.lo070.kroger.com","Vikrant","Yes",""
"5E00016C711F219D451CC0AC83000000016C71","CN=ecs.lo073.kroger.com,OU=Kroger Technology & Digital,O=The Kroger Co.,L=Cincinnati,ST=Ohio,C=US","2026-03-02T17:59:46.3600000","2026-03-02T17:49:45.0000000","2027-03-27T17:49:45.0000000","ecs.lo073.kroger.com","Vikrant","Yes",""
"5E00016D5F83D93CF52300FA4D000000016D5F","CN=ecs.lo079.kroger.com,OU=Kroger Technology & Digital,O=The Kroger Co.,L=Cincinnati,ST=Ohio,C=US","2026-03-20T09:30:09.7830000","2026-03-20T09:20:06.0000000","2027-04-14T09:20:06.0000000","ecs.lo079.kroger.com","Vikrant","Yes",""
"5E000177B3862236ABCAD4458A0000000177B3","CN=ecs.lo873.kroger.com,OU=Kroger Technology & Digital,O=The Kroger Co.,L=Cincinnati,ST=Ohio,C=US","2026-04-05T06:45:29.5630000","2026-04-05T06:35:28.0000000","2027-04-30T06:35:28.0000000","ecs.lo873.kroger.com","Vikrant","Yes",""
"5E00017924DD86DF7F46A7A192000000017924","CN=ecs.rm183.kroger.com,OU=Kroger Technology & Digital,O=The Kroger Co.,L=Cincinnati,ST=Ohio,C=US","2026-04-10T22:36:29.2500000","2026-04-10T22:26:27.0000000","2027-05-05T22:26:27.0000000","ecs.rm183.kroger.com","Vikrant","Yes",""
"5E000179260102B9EC72F6657F000000017926","CN=ecs.rm408.kroger.com,OU=Kroger Technology & Digital,O=The Kroger Co.,L=Cincinnati,ST=Ohio,C=US","2026-04-12T00:37:37.8800000","2026-04-12T00:27:36.0000000","2027-05-07T00:27:36.0000000","ecs.rm408.kroger.com","Vikrant","Yes",""
"5E00019CE307B23791F59A4F05000000019CE3","CN=ecs.ru360.kroger.com,OU=Kroger Technology & Digital,O=The Kroger Co.,L=Cincinnati,ST=Ohio,C=US","2026-05-25T15:16:06.6400000","2026-05-25T15:06:05.0000000","2027-06-19T15:06:05.0000000","ecs.ru360.kroger.com","Vikrant","Yes",""
"5E00016A6B4684AE46C8B05141000000016A6B","CN=ecs.sm303.kroger.com,OU=Kroger Technology & Digital,O=The Kroger Co.,L=Cincinnati,ST=Ohio,C=US","2026-01-15T07:41:35.5770000","2026-01-15T07:31:31.0000000","2027-02-09T07:31:31.0000000","ecs.sm303.kroger.com","Vikrant","Yes",""
"5E0001792BAE89CCBA64291C5200000001792B","CN=ecs.sm415.kroger.com,OU=Kroger Technology & Digital,O=The Kroger Co.,L=Cincinnati,ST=Ohio,C=US","2026-04-12T10:49:58.8400000","2026-04-12T10:39:56.0000000","2027-05-07T10:39:56.0000000","ecs.sm415.kroger.com","Vikrant","Yes",""
"5E000179834EF971F2C386B351000000017983","CN=ecsadmin.ci001.kroger.com,OU=Kroger Technology & Digital,O=The Kroger Co.,L=Cincinnati,ST=Ohio,C=US","2026-04-16T10:33:47.6000000","2026-04-16T10:23:43.0000000","2027-05-11T10:23:43.0000000","ecsadmin.ci001.kroger.com","Sushma","NO",""
"5E00019C8A3000550BE6654DC2000000019C8A","CN=ecsadmin.ci001.kroger.com,OU=Kroger Technology & Digital,O=The Kroger Co.,L=Cincinnati,ST=Ohio,C=US","2026-05-21T05:08:25.9700000","2026-05-21T04:58:22.0000000","2027-06-15T04:58:22.0000000","ecsadmin.ci001.kroger.com","Sushma","NO",""
"5E00019EE515638EA6A67C3059000000019EE5","CN=ecsadmin.ci001.kroger.com,OU=Kroger Technology & Digital,O=The Kroger Co.,L=Cincinnati,ST=Ohio,C=US","2026-06-08T17:43:35.5200000","2026-06-08T17:33:34.0000000","2027-07-03T17:33:34.0000000","ecsadmin.ci001.kroger.com","Sushma","Yes",""
"5E00019EFD14420F501C458B7A000000019EFD","CN=ecsadmin.ci003.kroger.com,OU=Kroger Technology & Digital,O=The Kroger Co.,L=Cincinnati,ST=Ohio,C=US","2026-06-09T11:31:29.5700000","2026-06-09T11:21:28.0000000","2027-07-04T11:21:28.0000000","ecsadmin.ci003.kroger.com","Sushma","Yes",""
"5E00019CE8794818CCE1823661000000019CE8","CN=ecsadmin.ci003.kroger.com,OU=Kroger Technology & Digital,O=The Kroger Co.,L=Cincinnati,ST=Ohio,C=US","2026-05-25T16:48:45.7100000","2026-05-25T16:38:45.0000000","2027-06-19T16:38:45.0000000","ecsadmin.ci003.kroger.com","Sushma","NO",""
"5E000185902C2941BDED3712D5000000018590","CN=ecsadmin.ci003.kroger.com,OU=Kroger Technology & Digital,O=The Kroger Co.,L=Cincinnati,ST=Ohio,C=US","2026-05-01T15:13:32.7800000","2026-05-01T15:03:31.0000000","2027-05-26T15:03:31.0000000","ecsadmin.ci003.kroger.com","Sushma","NO",""
"5E00018567FE1D6B51ABF5A8C9000000018567","CN=ecsadmin.ci003.kroger.com,OU=Kroger Technology & Digital,O=The Kroger Co.,L=Cincinnati,ST=Ohio,C=US","2026-04-29T04:28:34.3400000","2026-04-29T04:18:33.0000000","2027-05-24T04:18:33.0000000","ecsadmin.ci003.kroger.com","Sushma","NO",""
"5E00018579E7BAEEC494CB214C000000018579","CN=ecsadmin.ci003.kroger.com,OU=Kroger Technology & Digital,O=The Kroger Co.,L=Cincinnati,ST=Ohio,C=US","2026-04-30T08:03:24.2230000","2026-04-30T07:53:20.0000000","2027-05-25T07:53:20.0000000","ecsadmin.ci003.kroger.com","Sushma","NO",""
"5E000185D0049863F656BEEACB0000000185D0","CN=ecsadmin.ci003.kroger.com,OU=Kroger Technology & Digital,O=The Kroger Co.,L=Cincinnati,ST=Ohio,C=US","2026-05-06T12:17:18.8830000","2026-05-06T12:07:18.0000000","2027-05-31T12:07:18.0000000","ecsadmin.ci003.kroger.com","Sushma","NO",""
"5E000185CC45DCC63B3C78CCCE0000000185CC","CN=ecsadmin.ci003.kroger.com,OU=Kroger Technology & Digital,O=The Kroger Co.,L=Cincinnati,ST=Ohio,C=US","2026-05-06T09:27:54.0230000","2026-05-06T09:17:53.0000000","2027-05-31T09:17:53.0000000","ecsadmin.ci003.kroger.com","Sushma","NO",""
"5E000184CCA89E3D8081A08AA90000000184CC","CN=ecsadmin.ci003.kroger.com,OU=Kroger Technology & Digital,O=The Kroger Co.,L=Cincinnati,ST=Ohio,C=US","2026-04-21T12:12:30.7930000","2026-04-21T12:02:27.0000000","2027-05-16T12:02:27.0000000","ecsadmin.ci003.kroger.com","Sushma","NO",""
"5E00018525ECB95333E9FDE6F6000000018525","CN=ecsadmin.ci003.kroger.com,OU=Kroger Technology & Digital,O=The Kroger Co.,L=Cincinnati,ST=Ohio,C=US","2026-04-24T16:37:22.7500000","2026-04-24T16:27:21.0000000","2027-05-19T16:27:21.0000000","ecsadmin.ci003.kroger.com","Sushma","NO",""
"5E000184FBDA5F6D5EA45CA5630000000184FB","CN=ecsadmin.ci003.kroger.com,OU=Kroger Technology & Digital,O=The Kroger Co.,L=Cincinnati,ST=Ohio,C=US","2026-04-23T11:31:34.0100000","2026-04-23T11:21:30.0000000","2027-05-18T11:21:30.0000000","ecsadmin.ci003.kroger.com","Sushma","NO",""
"5E00018512EC3B7942BAB3A9BF000000018512","CN=ecsadmin.ci003.kroger.com,OU=Kroger Technology & Digital,O=The Kroger Co.,L=Cincinnati,ST=Ohio,C=US","2026-04-24T07:47:50.0500000","2026-04-24T07:37:49.0000000","2027-05-19T07:37:49.0000000","ecsadmin.ci003.kroger.com","Sushma","NO",""
"5E000184BE36FF4AD0D5A28E300000000184BE","CN=ecsadmin.ci003.kroger.com,OU=Kroger Technology & Digital,O=The Kroger Co.,L=Cincinnati,ST=Ohio,C=US","2026-04-20T16:51:57.7830000","2026-04-20T16:41:57.0000000","2027-05-15T16:41:57.0000000","ecsadmin.ci003.kroger.com","Sushma","NO",""
"5E00016A3916DA372E19C8FC34000000016A39","CN=ecsadmin.ci003.kroger.com,OU=Kroger Technology & Digital,O=The Kroger Co.,L=Cincinnati,ST=Ohio,C=US","2026-01-08T15:31:48.4270000","2026-01-08T15:21:47.0000000","2027-02-02T15:21:47.0000000","ecsadmin.ci003.kroger.com","Sushma","NO",""
"5E00019E0DD6ECE9F3F785FCEB000000019E0D","CN=ecsadmin.ci009.kroger.com,OU=Kroger Technology & Digital,O=The Kroger Co.,L=Cincinnati,ST=Ohio,C=US","2026-06-05T10:20:42.0670000","2026-06-05T10:10:40.0000000","2027-06-30T10:10:40.0000000","ecsadmin.ci009.kroger.com","Sushma","Yes",""
"5E00019D4C0F349F948AFB05CE000000019D4C","CN=ecsadmin.ci009h.kroger.com,OU=Kroger Technology & Digital,O=The Kroger Co.,L=Cincinnati,ST=Ohio,C=US","2026-05-29T19:59:16.5470000","2026-05-29T19:49:16.0000000","2027-06-23T19:49:16.0000000","ecsadmin.ci009h.kroger.com","Sushma","NO",""
"5E00016C4D6268ECDF69FB7DB9000000016C4D","CN=ecsadmin.ci705.kroger.com,OU=Kroger Technology & Digital,O=The Kroger Co.,L=Cincinnati,ST=Ohio,C=US","2026-02-26T11:12:29.3130000","2026-02-26T11:02:28.0000000","2027-03-23T11:02:28.0000000","ecsadmin.ci705.kroger.com","Sushma","NO",""
"5E00017974BF58165C7F19E0BC000000017974","CN=ecsfuel.ci001.kroger.com,OU=Kroger Technology & Digital,O=The Kroger Co.,L=Cincinnati,ST=Ohio,C=US","2026-04-15T15:19:20.9300000","2026-04-15T15:09:20.0000000","2027-05-10T15:09:20.0000000","ecsfuel.ci001.kroger.com","Sushma","NO",""
"5E00019C8B9CDEAEE74D688C39000000019C8B","CN=ecsfuel.ci001.kroger.com,OU=Kroger Technology & Digital,O=The Kroger Co.,L=Cincinnati,ST=Ohio,C=US","2026-05-21T05:08:31.5630000","2026-05-21T04:58:31.0000000","2027-06-15T04:58:31.0000000","ecsfuel.ci001.kroger.com","Sushma","NO",""
"5E00019DEB78B9C14413D0094E000000019DEB","CN=ecsfuel.ci001.kroger.com,OU=Kroger Technology & Digital,O=The Kroger Co.,L=Cincinnati,ST=Ohio,C=US","2026-06-05T05:41:40.2030000","2026-06-05T05:31:40.0000000","2027-06-30T05:31:40.0000000","ecsfuel.ci001.kroger.com","Sushma","NO",""
"5E00019DEF189CA5FE1EBBD65F000000019DEF","CN=ecsfuel.ci001.kroger.com,OU=Kroger Technology & Digital,O=The Kroger Co.,L=Cincinnati,ST=Ohio,C=US","2026-06-05T06:02:30.2900000","2026-06-05T05:52:30.0000000","2027-06-30T05:52:30.0000000","ecsfuel.ci001.kroger.com","Sushma","NO",""
"5E00019EE83D40C4FD6F056CC2000000019EE8","CN=ecsfuel.ci001.kroger.com,OU=Kroger Technology & Digital,O=The Kroger Co.,L=Cincinnati,ST=Ohio,C=US","2026-06-08T17:44:39.1870000","2026-06-08T17:34:39.0000000","2027-07-03T17:34:39.0000000","ecsfuel.ci001.kroger.com","Sushma","Yes",""
"5E00019F00674CEE11D3822E46000000019F00","CN=ecsfuel.ci003.kroger.com,OU=Kroger Technology & Digital,O=The Kroger Co.,L=Cincinnati,ST=Ohio,C=US","2026-06-09T11:33:23.1370000","2026-06-09T11:23:22.0000000","2027-07-04T11:23:22.0000000","ecsfuel.ci003.kroger.com","Sushma","Yes",""
"5E00019EBD791B14D5232ACCD6000000019EBD","CN=ecsfuel.ci003.kroger.com,OU=Kroger Technology & Digital,O=The Kroger Co.,L=Cincinnati,ST=Ohio,C=US","2026-06-08T12:21:03.6170000","2026-06-08T12:11:03.0000000","2027-07-03T12:11:03.0000000","ecsfuel.ci003.kroger.com","Sushma","NO",""
"5E00019EC6298F985020E25CD7000000019EC6","CN=ecsfuel.ci003.kroger.com,OU=Kroger Technology & Digital,O=The Kroger Co.,L=Cincinnati,ST=Ohio,C=US","2026-06-08T12:49:38.8500000","2026-06-08T12:39:38.0000000","2027-07-03T12:39:38.0000000","ecsfuel.ci003.kroger.com","Sushma","NO",""
"5E00019CE549608303B6F4AC9C000000019CE5","CN=ecsfuel.ci003.kroger.com,OU=Kroger Technology & Digital,O=The Kroger Co.,L=Cincinnati,ST=Ohio,C=US","2026-05-25T16:48:30.5570000","2026-05-25T16:38:29.0000000","2027-06-19T16:38:29.0000000","ecsfuel.ci003.kroger.com","Sushma","NO",""
"5E000185CA0C3F958DC617F9F10000000185CA","CN=ecsfuel.ci003.kroger.com,OU=Kroger Technology & Digital,O=The Kroger Co.,L=Cincinnati,ST=Ohio,C=US","2026-05-06T09:27:44.3570000","2026-05-06T09:17:40.0000000","2027-05-31T09:17:40.0000000","ecsfuel.ci003.kroger.com","Sushma","NO",""
"5E000185D185E634517771097A0000000185D1","CN=ecsfuel.ci003.kroger.com,OU=Kroger Technology & Digital,O=The Kroger Co.,L=Cincinnati,ST=Ohio,C=US","2026-05-06T12:17:24.1830000","2026-05-06T12:07:23.0000000","2027-05-31T12:07:23.0000000","ecsfuel.ci003.kroger.com","Sushma","NO",""
"5E0001857BCF77502A3B408B3D00000001857B","CN=ecsfuel.ci003.kroger.com,OU=Kroger Technology & Digital,O=The Kroger Co.,L=Cincinnati,ST=Ohio,C=US","2026-04-30T08:03:34.1100000","2026-04-30T07:53:33.0000000","2027-05-25T07:53:33.0000000","ecsfuel.ci003.kroger.com","Sushma","NO",""
"5E0001857FBC174FDEC7BFBB9A00000001857F","CN=ecsfuel.ci003.kroger.com,OU=Kroger Technology & Digital,O=The Kroger Co.,L=Cincinnati,ST=Ohio,C=US","2026-04-30T10:03:32.8770000","2026-04-30T09:53:32.0000000","2027-05-25T09:53:32.0000000","ecsfuel.ci003.kroger.com","Sushma","NO",""
"5E0001794A377E9281A9223DFE00000001794A","CN=ecsfuel.ci003.kroger.com,OU=Kroger Technology & Digital,O=The Kroger Co.,L=Cincinnati,ST=Ohio,C=US","2026-04-14T05:33:33.7330000","2026-04-14T05:23:30.0000000","2027-05-09T05:23:30.0000000","ecsfuel.ci003.kroger.com","Sushma","NO",""
"5E000185138436D6723F97A04D000000018513","CN=ecsfuel.ci003.kroger.com,OU=Kroger Technology & Digital,O=The Kroger Co.,L=Cincinnati,ST=Ohio,C=US","2026-04-24T07:47:55.5530000","2026-04-24T07:37:55.0000000","2027-05-19T07:37:55.0000000","ecsfuel.ci003.kroger.com","Sushma","NO",""
"5E000184FC927CF0ADA268EC340000000184FC","CN=ecsfuel.ci003.kroger.com,OU=Kroger Technology & Digital,O=The Kroger Co.,L=Cincinnati,ST=Ohio,C=US","2026-04-23T11:31:39.5300000","2026-04-23T11:21:39.0000000","2027-05-18T11:21:39.0000000","ecsfuel.ci003.kroger.com","Sushma","NO",""
"5E000184BDD6B653F8C7075FC20000000184BD","CN=ecsfuel.ci003.kroger.com,OU=Kroger Technology & Digital,O=The Kroger Co.,L=Cincinnati,ST=Ohio,C=US","2026-04-20T16:51:53.0970000","2026-04-20T16:41:51.0000000","2027-05-15T16:41:51.0000000","ecsfuel.ci003.kroger.com","Sushma","NO",""
"5E0001854C6D66E2840C70548800000001854C","CN=ecsfuel.ci003.kroger.com,OU=Kroger Technology & Digital,O=The Kroger Co.,L=Cincinnati,ST=Ohio,C=US","2026-04-27T22:41:23.0070000","2026-04-27T22:31:22.0000000","2027-05-22T22:31:22.0000000","ecsfuel.ci003.kroger.com","Sushma","NO",""
"5E000185383C49F4EBD73332A4000000018538","CN=ecsfuel.ci003.kroger.com,OU=Kroger Technology & Digital,O=The Kroger Co.,L=Cincinnati,ST=Ohio,C=US","2026-04-27T06:21:58.5570000","2026-04-27T06:11:54.0000000","2027-05-22T06:11:54.0000000","ecsfuel.ci003.kroger.com","Sushma","NO",""
"5E000184CD87438D0F4BF1A2E20000000184CD","CN=ecsfuel.ci003.kroger.com,OU=Kroger Technology & Digital,O=The Kroger Co.,L=Cincinnati,ST=Ohio,C=US","2026-04-21T12:12:35.7300000","2026-04-21T12:02:35.0000000","2027-05-16T12:02:35.0000000","ecsfuel.ci003.kroger.com","Sushma","NO",""
"5E00019E10F5A3340AEC20D60E000000019E10","CN=ecsfuel.ci009.kroger.com,OU=Kroger Technology & Digital,O=The Kroger Co.,L=Cincinnati,ST=Ohio,C=US","2026-06-05T10:21:37.3430000","2026-06-05T10:11:37.0000000","2027-06-30T10:11:37.0000000","ecsfuel.ci009.kroger.com","Sushma","Yes",""
"5E00019D4BBD4D64CEF8D14322000000019D4B","CN=ecsfuel.ci009h.kroger.com,OU=Kroger Technology & Digital,O=The Kroger Co.,L=Cincinnati,ST=Ohio,C=US","2026-05-29T19:59:11.8330000","2026-05-29T19:49:11.0000000","2027-06-23T19:49:11.0000000","ecsfuel.ci009h.kroger.com","Sushma","NO",""
"5E0001794B915F511B3B1B779500000001794B","CN=ecsfuel.ci705.kroger.com,OU=Kroger Technology & Digital,O=The Kroger Co.,L=Cincinnati,ST=Ohio,C=US","2026-04-14T07:09:40.0900000","2026-04-14T06:59:39.0000000","2027-05-09T06:59:39.0000000","ecsfuel.ci705.kroger.com","Sushma","Yes",""
"7D000005DCDA01E121D2217F750000000005DC","E=SATInStoreCloud@kroger.com,CN=ecsin2u.ci009.kroger.com,OU=INF-InStoreCloud,O=The Kroger Co.,L=Cincinnati,ST=OH,C=US","2024-10-03T00:48:39.9330000","2024-10-03T00:38:36.0000000","2025-10-28T00:38:36.0000000","ecsin2u.ci009.kroger.com","Sushma","NO",""
"5E000177B4783465A03E65332C0000000177B4","CN=ecspci.ce317.kroger.com,OU=Kroger Technology & Digital,O=The Kroger Co.,L=Cincinnati,ST=Ohio,C=US","2026-04-05T07:05:20.3130000","2026-04-05T06:55:18.0000000","2027-04-30T06:55:18.0000000","ecspci.ce317.kroger.com","Sushma","Yes",""
"5E00017975A6ACCB6D59C8BEA8000000017975","CN=ecspci.ci001.kroger.com,OU=Kroger Technology & Digital,O=The Kroger Co.,L=Cincinnati,ST=Ohio,C=US","2026-04-15T15:19:25.7370000","2026-04-15T15:09:25.0000000","2027-05-10T15:09:25.0000000","ecspci.ci001.kroger.com","Sushma","NO",""
"5E00019C8C6D0C0F86D6DAEC06000000019C8C","CN=ecspci.ci001.kroger.com,OU=Kroger Technology & Digital,O=The Kroger Co.,L=Cincinnati,ST=Ohio,C=US","2026-05-21T05:08:36.2300000","2026-05-21T04:58:36.0000000","2027-06-15T04:58:36.0000000","ecspci.ci001.kroger.com","Sushma","NO",""
"5E00019ED2DE424407FC901C44000000019ED2","CN=ecspci.ci001.kroger.com,OU=Kroger Technology & Digital,O=The Kroger Co.,L=Cincinnati,ST=Ohio,C=US","2026-06-08T15:44:19.9230000","2026-06-08T15:34:19.0000000","2027-07-03T15:34:19.0000000","ecspci.ci001.kroger.com","Sushma","NO",""
"5E00019EE202D7D9641983855B000000019EE2","CN=ecspci.ci001.kroger.com,OU=Kroger Technology & Digital,O=The Kroger Co.,L=Cincinnati,ST=Ohio,C=US","2026-06-08T16:57:42.1970000","2026-06-08T16:47:42.0000000","2027-07-03T16:47:42.0000000","ecspci.ci001.kroger.com","Sushma","NO",""
"5E00019EDC218280900A8627D4000000019EDC","CN=ecspci.ci001.kroger.com,OU=Kroger Technology & Digital,O=The Kroger Co.,L=Cincinnati,ST=Ohio,C=US","2026-06-08T16:22:57.1470000","2026-06-08T16:12:56.0000000","2027-07-03T16:12:56.0000000","ecspci.ci001.kroger.com","Sushma","NO",""
"5E00019EE9F059033E64FA6BE9000000019EE9","CN=ecspci.ci001.kroger.com,OU=Kroger Technology & Digital,O=The Kroger Co.,L=Cincinnati,ST=Ohio,C=US","2026-06-08T17:44:53.5900000","2026-06-08T17:34:53.0000000","2027-07-03T17:34:53.0000000","ecspci.ci001.kroger.com","Sushma","Yes",""
"5E00019EE7A7C343D895DD34A7000000019EE7","CN=ecspci.ci001.kroger.com,OU=Kroger Technology & Digital,O=The Kroger Co.,L=Cincinnati,ST=Ohio,C=US","2026-06-08T17:43:49.9700000","2026-06-08T17:33:49.0000000","2027-07-03T17:33:49.0000000","ecspci.ci001.kroger.com","Sushma","NO",""
"5E00019EF0F3B0A8ACCD0A5006000000019EF0","CN=ecspci.ci003.kroger.com,OU=Kroger Technology & Digital,O=The Kroger Co.,L=Cincinnati,ST=Ohio,C=US","2026-06-08T18:35:57.3030000","2026-06-08T18:25:57.0000000","2027-07-03T18:25:57.0000000","ecspci.ci003.kroger.com","Sushma","NO",""
"5E00019EFF47EDAAEF86391710000000019EFF","CN=ecspci.ci003.kroger.com,OU=Kroger Technology & Digital,O=The Kroger Co.,L=Cincinnati,ST=Ohio,C=US","2026-06-09T11:32:44.2430000","2026-06-09T11:22:44.0000000","2027-07-04T11:22:44.0000000","ecspci.ci003.kroger.com","Sushma","Yes",""
"5E00019CE70122137FB94C7AB3000000019CE7","CN=ecspci.ci003.kroger.com,OU=Kroger Technology & Digital,O=The Kroger Co.,L=Cincinnati,ST=Ohio,C=US","2026-05-25T16:48:40.4630000","2026-05-25T16:38:40.0000000","2027-06-19T16:38:40.0000000","ecspci.ci003.kroger.com","Sushma","NO",""
"5E0001858040A44E093CD233AE000000018580","CN=ecspci.ci003.kroger.com,OU=Kroger Technology & Digital,O=The Kroger Co.,L=Cincinnati,ST=Ohio,C=US","2026-04-30T10:03:38.1330000","2026-04-30T09:53:37.0000000","2027-05-25T09:53:37.0000000","ecspci.ci003.kroger.com","Sushma","NO",""
"5E0001857CC7170CD21EA7D4BE00000001857C","CN=ecspci.ci003.kroger.com,OU=Kroger Technology & Digital,O=The Kroger Co.,L=Cincinnati,ST=Ohio,C=US","2026-04-30T08:03:40.4770000","2026-04-30T07:53:40.0000000","2027-05-25T07:53:40.0000000","ecspci.ci003.kroger.com","Sushma","NO",""
"5E000185CD7D1733DA7106C8AC0000000185CD","CN=ecspci.ci003.kroger.com,OU=Kroger Technology & Digital,O=The Kroger Co.,L=Cincinnati,ST=Ohio,C=US","2026-05-06T09:27:59.0470000","2026-05-06T09:17:58.0000000","2027-05-31T09:17:58.0000000","ecspci.ci003.kroger.com","Sushma","NO",""
"5E000185CE69791CDEEA1D5BAB0000000185CE","CN=ecspci.ci003.kroger.com,OU=Kroger Technology & Digital,O=The Kroger Co.,L=Cincinnati,ST=Ohio,C=US","2026-05-06T12:17:07.8230000","2026-05-06T12:07:06.0000000","2027-05-31T12:07:06.0000000","ecspci.ci003.kroger.com","Sushma","NO",""
"5E00016BC1DF3E59DB9A1CB85B000000016BC1","CN=ecspci.ci003.kroger.com,OU=Kroger Technology & Digital,O=The Kroger Co.,L=Cincinnati,ST=Ohio,C=US","2026-02-17T13:48:40.0930000","2026-02-17T13:38:39.0000000","2027-03-14T13:38:39.0000000","ecspci.ci003.kroger.com","Sushma","NO",""
"5E000184CE5DB234A42FB7B52C0000000184CE","CN=ecspci.ci003.kroger.com,OU=Kroger Technology & Digital,O=The Kroger Co.,L=Cincinnati,ST=Ohio,C=US","2026-04-21T12:12:40.9970000","2026-04-21T12:02:40.0000000","2027-05-16T12:02:40.0000000","ecspci.ci003.kroger.com","Sushma","NO",""
"5E0001854AFACDDE1561663CEE00000001854A","CN=ecspci.ci003.kroger.com,OU=Kroger Technology & Digital,O=The Kroger Co.,L=Cincinnati,ST=Ohio,C=US","2026-04-27T22:41:11.8130000","2026-04-27T22:31:10.0000000","2027-05-22T22:31:10.0000000","ecspci.ci003.kroger.com","Sushma","NO",""
"5E000184FDFB8424B91C31DF030000000184FD","CN=ecspci.ci003.kroger.com,OU=Kroger Technology & Digital,O=The Kroger Co.,L=Cincinnati,ST=Ohio,C=US","2026-04-23T11:31:45.1670000","2026-04-23T11:21:44.0000000","2027-05-18T11:21:44.0000000","ecspci.ci003.kroger.com","Sushma","NO",""
"5E00018514DB342387BF08AB1C000000018514","CN=ecspci.ci003.kroger.com,OU=Kroger Technology & Digital,O=The Kroger Co.,L=Cincinnati,ST=Ohio,C=US","2026-04-24T07:48:00.8070000","2026-04-24T07:38:00.0000000","2027-05-19T07:38:00.0000000","ecspci.ci003.kroger.com","Sushma","NO",""
"5E0001851760289C98EFD2B6CC000000018517","CN=ecspci.ci003.kroger.com,OU=Kroger Technology & Digital,O=The Kroger Co.,L=Cincinnati,ST=Ohio,C=US","2026-04-24T09:45:13.7930000","2026-04-24T09:35:13.0000000","2027-05-19T09:35:13.0000000","ecspci.ci003.kroger.com","Sushma","NO",""
"5E000184BF56FA00088419EF2E0000000184BF","CN=ecspci.ci003.kroger.com,OU=Kroger Technology & Digital,O=The Kroger Co.,L=Cincinnati,ST=Ohio,C=US","2026-04-20T16:52:02.7730000","2026-04-20T16:42:02.0000000","2027-05-15T16:42:02.0000000","ecspci.ci003.kroger.com","Sushma","NO",""
"5E000169F0C2F16DE5E8B146DA0000000169F0","CN=ecspci.ci003.kroger.com,OU=Kroger Technology & Digital,O=The Kroger Co.,L=Cincinnati,ST=Ohio,C=US","2025-12-19T07:11:52.3800000","2025-12-19T07:01:50.0000000","2027-01-13T07:01:50.0000000","ecspci.ci003.kroger.com","Sushma","NO",""
"5E0000112D3E9B21BB941AF9D800000000112D","CN=ecspci.ci003.kroger.com,OU=Kroger Technology & Digital,O=The Kroger Co.,L=Cincinnati,ST=Ohio,C=US","2025-06-28T12:47:17.1600000","2025-06-28T12:37:11.0000000","2026-07-23T12:37:11.0000000","ecspci.ci003.kroger.com","Sushma","NO",""
"5E0000112E27CA648B1254BB9900000000112E","CN=ecspci.ci003.kroger.com,OU=Kroger Technology & Digital,O=The Kroger Co.,L=Cincinnati,ST=Ohio,C=US","2025-06-28T15:00:40.7630000","2025-06-28T14:50:39.0000000","2026-07-23T14:50:39.0000000","ecspci.ci003.kroger.com","Sushma","NO",""
"5E0000112FA6A487CD1C109BD400000000112F","CN=ecspci.ci003.kroger.com,OU=Kroger Technology & Digital,O=The Kroger Co.,L=Cincinnati,ST=Ohio,C=US","2025-06-30T10:45:09.4900000","2025-06-30T10:35:06.0000000","2026-07-25T10:35:06.0000000","ecspci.ci003.kroger.com","Sushma","NO",""
"5E000011300ACE3C754EB1A7AF000000001130","CN=ecspci.ci003.kroger.com,OU=Kroger Technology & Digital,O=The Kroger Co.,L=Cincinnati,ST=Ohio,C=US","2025-06-30T15:18:58.8570000","2025-06-30T15:08:57.0000000","2026-07-25T15:08:57.0000000","ecspci.ci003.kroger.com","Sushma","NO",""
"5E00001132C5D48CB7C0AF7D20000000001132","CN=ecspci.ci003.kroger.com,OU=Kroger Technology & Digital,O=The Kroger Co.,L=Cincinnati,ST=Ohio,C=US","2025-07-01T09:49:01.6330000","2025-07-01T09:38:58.0000000","2026-07-26T09:38:58.0000000","ecspci.ci003.kroger.com","Sushma","NO",""
"5E00001A2FB1164B5ADE90DDFD000000001A2F","CN=ecspci.ci003.kroger.com,OU=Kroger Technology & Digital,O=The Kroger Co.,L=Cincinnati,ST=Ohio,C=US","2025-07-28T08:29:02.5030000","2025-07-28T08:18:59.0000000","2026-08-22T08:18:59.0000000","ecspci.ci003.kroger.com","Sushma","NO",""
"5E00000EFEA42C5004A4D2E007000000000EFE","CN=ecspci.ci003.kroger.com,OU=Kroger Technology & Digital,O=The Kroger Co.,L=Cincinnati,ST=Ohio,C=US","2025-06-05T13:57:07.9400000","2025-06-05T13:47:07.0000000","2026-06-30T13:47:07.0000000","ecspci.ci003.kroger.com","Sushma","NO",""
"7D00000737A4C6F0646584E0A8000000000737","E=SATInStoreCloud@kroger.com,CN=ecspci.ci009.kroger.com,OU=INF-InStoreCloud,O=The Kroger Co.,L=Cincinnati,ST=OH,C=US","2024-11-27T14:31:35.3730000","2024-11-27T14:21:35.0000000","2025-12-22T14:21:35.0000000","ecspci.ci009.kroger.com","Sushma","NO",""
"5E00019E0F1AD402C267B4B1E3000000019E0F","CN=ecspci.ci009.kroger.com,OU=Kroger Technology & Digital,O=The Kroger Co.,L=Cincinnati,ST=Ohio,C=US","2026-06-05T10:21:16.1200000","2026-06-05T10:11:15.0000000","2027-06-30T10:11:15.0000000","ecspci.ci009.kroger.com","Sushma","Yes",""
"5E00019D850C0B9488C1B32F4C000000019D85","CN=ecspci.ci009.kroger.com,OU=Kroger Technology & Digital,O=The Kroger Co.,L=Cincinnati,ST=Ohio,C=US","2026-06-02T11:08:42.3400000","2026-06-02T10:58:41.0000000","2027-06-27T10:58:41.0000000","ecspci.ci009.kroger.com","Sushma","NO",""
"5E00019D4D88A3F570F38EC3D6000000019D4D","CN=ecspci.ci009h.kroger.com,OU=Kroger Technology & Digital,O=The Kroger Co.,L=Cincinnati,ST=Ohio,C=US","2026-05-29T19:59:22.1130000","2026-05-29T19:49:21.0000000","2027-06-23T19:49:21.0000000","ecspci.ci009h.kroger.com","Sushma","NO",""
"5E00019D84F017286899D9A23D000000019D84","CN=ecspci.ci020.kroger.com,OU=Kroger Technology & Digital,O=The Kroger Co.,L=Cincinnati,ST=Ohio,C=US","2026-06-02T11:03:58.6570000","2026-06-02T10:53:57.0000000","2027-06-27T10:53:57.0000000","ecspci.ci020.kroger.com","Anjali","Yes",""
"5E0001418A53E335D45BD6615300000001418A","CN=ecspci.ci021.kroger.com,OU=Kroger Technology & Digital,O=The Kroger Co.,L=Cincinnati,ST=Ohio,C=US","2025-10-22T10:08:23.7230000","2025-10-22T09:58:19.0000000","2026-11-16T09:58:19.0000000","ecspci.ci021.kroger.com","Anjali","Yes",""
"7D00000734EF7CD0B29EC04929000000000734","E=SATInStoreCloud@kroger.com,CN=ecspci.ci022.kroger.com,OU=INF-InStoreCloud,O=The Kroger Co.,L=Cincinnati,ST=OH,C=US","2024-11-27T14:25:34.2630000","2024-11-27T14:15:34.0000000","2025-12-22T14:15:34.0000000","ecspci.ci022.kroger.com","Anjali","NO",""
"7D0000071400A1902F9D784829000000000714","E=SATInStoreCloud@kroger.com,CN=ecspci.ci022.kroger.com,OU=INF-InStoreCloud,O=The Kroger Co.,L=Cincinnati,ST=OH,C=US","2024-11-20T16:50:52.5170000","2024-11-20T16:40:52.0000000","2025-12-15T16:40:52.0000000","ecspci.ci022.kroger.com","Anjali","NO",""
"5E000003F215FA6B19CBEC52820000000003F2","CN=ecspci.ci022.kroger.com,OU=Kroger Technology & Digital,O=The Kroger Co.,L=Cincinnati,ST=Ohio,C=US","2025-05-22T14:53:07.1570000","2025-05-22T14:43:06.0000000","2026-06-16T14:43:06.0000000","ecspci.ci022.kroger.com","Anjali","NO",""
"5E00019D8669F0A371CB4E18F1000000019D86","CN=ecspci.ci022.kroger.com,OU=Kroger Technology & Digital,O=The Kroger Co.,L=Cincinnati,ST=Ohio,C=US","2026-06-02T11:14:19.8900000","2026-06-02T11:04:19.0000000","2027-06-27T11:04:19.0000000","ecspci.ci022.kroger.com","Anjali","Yes",""
"5E00016C4EA6745BA6AA0081D8000000016C4E","CN=ecspci.ci705.kroger.com,OU=Kroger Technology & Digital,O=The Kroger Co.,L=Cincinnati,ST=Ohio,C=US","2026-02-26T11:12:34.2970000","2026-02-26T11:02:34.0000000","2027-03-23T11:02:34.0000000","ecspci.ci705.kroger.com","Anjali","",""
"5E00000F3A165293563F221A7A000000000F3A","CN=ecspci.ci921.kroger.com,OU=Kroger Technology & Digital,O=The Kroger Co.,L=Cincinnati,ST=Ohio,C=US","2025-06-20T11:18:23.6430000","2025-06-20T11:08:22.0000000","2026-07-15T11:08:22.0000000","ecspci.ci921.kroger.com","Anjali","NO",""
"5E00000F3B7FAACF67EC680590000000000F3B","CN=ecspci.ci921.kroger.com,OU=Kroger Technology & Digital,O=The Kroger Co.,L=Cincinnati,ST=Ohio,C=US","2025-06-20T11:19:56.1330000","2025-06-20T11:09:56.0000000","2026-07-15T11:09:56.0000000","ecspci.ci921.kroger.com","Anjali","NO",""
"5E00000F278E662F5354B22C3A000000000F27","CN=ecspci.ci921.kroger.com,OU=Kroger Technology & Digital,O=The Kroger Co.,L=Cincinnati,ST=Ohio,C=US","2025-06-20T07:25:39.2230000","2025-06-20T07:15:38.0000000","2026-07-15T07:15:38.0000000","ecspci.ci921.kroger.com","Anjali","NO",""
"5E00000F28F09D4915F1FB347F000000000F28","CN=ecspci.ci921.kroger.com,OU=Kroger Technology & Digital,O=The Kroger Co.,L=Cincinnati,ST=Ohio,C=US","2025-06-20T07:26:36.7000000","2025-06-20T07:16:36.0000000","2026-07-15T07:16:36.0000000","ecspci.ci921.kroger.com","Anjali","NO",""
"5E00000F29E4EF838DA783EF35000000000F29","CN=ecspci.ci921.kroger.com,OU=Kroger Technology & Digital,O=The Kroger Co.,L=Cincinnati,ST=Ohio,C=US","2025-06-20T07:36:59.4870000","2025-06-20T07:26:58.0000000","2026-07-15T07:26:58.0000000","ecspci.ci921.kroger.com","Anjali","NO",""
"5E000159981A09463A4E4BE83F000000015998","CN=ecspci.ci921.kroger.com,OU=Kroger Technology & Digital,O=The Kroger Co.,L=Cincinnati,ST=Ohio,C=US","2025-12-05T10:40:18.0800000","2025-12-05T10:30:15.0000000","2026-12-30T10:30:15.0000000","ecspci.ci921.kroger.com","Anjali","Yes",""
"5E000159A3D6CAAD4C7855E31E0000000159A3","CN=ecspci.ci971.kroger.com,OU=Kroger Technology & Digital,O=The Kroger Co.,L=Cincinnati,ST=Ohio,C=US","2025-12-08T12:21:25.4670000","2025-12-08T12:11:25.0000000","2027-01-02T12:11:25.0000000","ecspci.ci971.kroger.com","Anjali","Yes",""
"5E0001848E447B4B6279B979EA00000001848E","CN=ecspci.di003.kroger.com,OU=Kroger Technology & Digital,O=The Kroger Co.,L=Cincinnati,ST=Ohio,C=US","2026-04-17T10:04:54.6670000","2026-04-17T09:54:53.0000000","2027-05-12T09:54:53.0000000","ecspci.di003.kroger.com","Anjali","Yes",""
"5E0001790C6D381CDCFE3BFC0700000001790C","CN=ecspci.di008.kroger.com,OU=Kroger Technology & Digital,O=The Kroger Co.,L=Cincinnati,ST=Ohio,C=US","2026-04-10T02:38:28.5630000","2026-04-10T02:28:27.0000000","2027-05-05T02:28:27.0000000","ecspci.di008.kroger.com","Anjali","Yes",""
"5E0001791F0EB815A6831B13D700000001791F","CN=ecspci.di009.kroger.com,OU=Kroger Technology & Digital,O=The Kroger Co.,L=Cincinnati,ST=Ohio,C=US","2026-04-10T19:46:29.3170000","2026-04-10T19:36:27.0000000","2027-05-05T19:36:27.0000000","ecspci.di009.kroger.com","Anjali","Yes",""
"5E000178FA20F2B0DD605F7A010000000178FA","CN=ecspci.di032.kroger.com,OU=Kroger Technology & Digital,O=The Kroger Co.,L=Cincinnati,ST=Ohio,C=US","2026-04-09T20:08:53.5600000","2026-04-09T19:58:53.0000000","2027-05-04T19:58:53.0000000","ecspci.di032.kroger.com","Anjali","Yes",""
"5E00019CDE0AFCD94E279996E7000000019CDE","CN=ecspci.di039.kroger.com,OU=Kroger Technology & Digital,O=The Kroger Co.,L=Cincinnati,ST=Ohio,C=US","2026-05-24T12:46:30.0770000","2026-05-24T12:36:28.0000000","2027-06-18T12:36:28.0000000","ecspci.di039.kroger.com","Anjali","Yes",""
"5E000177BCB7BEFAB56202B7550000000177BC","CN=ecspci.di057.kroger.com,OU=Kroger Technology & Digital,O=The Kroger Co.,L=Cincinnati,ST=Ohio,C=US","2026-04-05T23:18:28.3400000","2026-04-05T23:08:26.0000000","2027-04-30T23:08:26.0000000","ecspci.di057.kroger.com","Anjali","Yes",""
"5E000141AE913421AC5DE9D49F0000000141AE","CN=ecspci.fl300.kroger.com,OU=Kroger Technology & Digital,O=The Kroger Co.,L=Cincinnati,ST=Ohio,C=US","2025-10-24T16:35:10.7370000","2025-10-24T16:25:09.0000000","2026-11-18T16:25:09.0000000","ecspci.fl300.kroger.com","Anjali","Yes",""
"5E000141B4E36411F008D3D8120000000141B4","CN=ecspci.fl301.kroger.com,OU=Kroger Technology & Digital,O=The Kroger Co.,L=Cincinnati,ST=Ohio,C=US","2025-10-27T07:45:59.8300000","2025-10-27T07:35:59.0000000","2026-11-21T07:35:59.0000000","ecspci.fl301.kroger.com","Anjali","Yes",""
"5E0001426401D7340624292739000000014264","CN=ecspci.fl302.kroger.com,OU=Kroger Technology & Digital,O=The Kroger Co.,L=Cincinnati,ST=Ohio,C=US","2025-10-28T12:46:10.3270000","2025-10-28T12:36:10.0000000","2026-11-22T12:36:10.0000000","ecspci.fl302.kroger.com","Anjali","Yes",""
"5E000184A728C1AFF47F285FED0000000184A7","CN=ecspci.fl303.kroger.com,OU=Kroger Technology & Digital,O=The Kroger Co.,L=Cincinnati,ST=Ohio,C=US","2026-04-18T07:05:32.9230000","2026-04-18T06:55:29.0000000","2027-05-13T06:55:29.0000000","ecspci.fl303.kroger.com","Anjali","Yes",""
"5E000185AF8F7550D2E45AD4610000000185AF","CN=ecspci.fl305.kroger.com,OU=Kroger Technology & Digital,O=The Kroger Co.,L=Cincinnati,ST=Ohio,C=US","2026-05-03T23:24:24.6830000","2026-05-03T23:14:24.0000000","2027-05-28T23:14:24.0000000","ecspci.fl305.kroger.com","Anjali","Yes",""
"5E000185A8C297B8A99E3508450000000185A8","CN=ecspci.fl308.kroger.com,OU=Kroger Technology & Digital,O=The Kroger Co.,L=Cincinnati,ST=Ohio,C=US","2026-05-03T09:17:34.8470000","2026-05-03T09:07:34.0000000","2027-05-28T09:07:34.0000000","ecspci.fl308.kroger.com","Anjali","Yes",""
"5E000185ED4F0B29E7C62726CB0000000185ED","CN=ecspci.fl311.kroger.com,OU=Kroger Technology & Digital,O=The Kroger Co.,L=Cincinnati,ST=Ohio,C=US","2026-05-09T11:23:31.1630000","2026-05-09T11:13:27.0000000","2027-06-03T11:13:27.0000000","ecspci.fl311.kroger.com","Anjali","Yes",""
"5E000185F0CCA8DD3E20D09A1C0000000185F0","CN=ecspci.fl312.kroger.com,OU=Kroger Technology & Digital,O=The Kroger Co.,L=Cincinnati,ST=Ohio,C=US","2026-05-09T12:54:01.3230000","2026-05-09T12:44:01.0000000","2027-06-03T12:44:01.0000000","ecspci.fl312.kroger.com","Anjali","Yes",""
"5E000185AEBC2F62EE0D7D399B0000000185AE","CN=ecspci.fl318.kroger.com,OU=Kroger Technology & Digital,O=The Kroger Co.,L=Cincinnati,ST=Ohio,C=US","2026-05-03T23:17:37.1370000","2026-05-03T23:07:35.0000000","2027-05-28T23:07:35.0000000","ecspci.fl318.kroger.com","Anjali","Yes",""
"5E000184B2B5823C3F86B17E380000000184B2","CN=ecspci.fl319.kroger.com,OU=Kroger Technology & Digital,O=The Kroger Co.,L=Cincinnati,ST=Ohio,C=US","2026-04-19T23:51:16.0730000","2026-04-19T23:41:14.0000000","2027-05-14T23:41:14.0000000","ecspci.fl319.kroger.com","Anjali","Yes",""
"5E00019A30DF48F695B169C8C6000000019A30","CN=ecspci.fl329.kroger.com,OU=Kroger Technology & Digital,O=The Kroger Co.,L=Cincinnati,ST=Ohio,C=US","2026-05-16T11:51:50.4100000","2026-05-16T11:41:47.0000000","2027-06-10T11:41:47.0000000","ecspci.fl329.kroger.com","Anjali","Yes",""
"5E0001859283170941A212D207000000018592","CN=ecspci.fl345.kroger.com,OU=Kroger Technology & Digital,O=The Kroger Co.,L=Cincinnati,ST=Ohio,C=US","2026-05-01T15:53:17.0030000","2026-05-01T15:43:16.0000000","2027-05-26T15:43:16.0000000","ecspci.fl345.kroger.com","Anjali","Yes",""
"5E00018DB467666571C9A774DD000000018DB4","CN=ecspci.fl346.kroger.com,OU=Kroger Technology & Digital,O=The Kroger Co.,L=Cincinnati,ST=Ohio,C=US","2026-05-11T06:56:59.2870000","2026-05-11T06:46:58.0000000","2027-06-05T06:46:58.0000000","ecspci.fl346.kroger.com","Anjali","Yes",""
"5E00018B284B4074F61EDB5F77000000018B28","CN=ecspci.fl346.kroger.com,OU=Kroger Technology & Digital,O=The Kroger Co.,L=Cincinnati,ST=Ohio,C=US","2026-05-11T06:54:45.3530000","2026-05-11T06:44:45.0000000","2027-06-05T06:44:45.0000000","ecspci.fl346.kroger.com","Anjali","NO",""
"5E00018BEA569A7D300EFF5FD6000000018BEA","CN=ecspci.fl346.kroger.com,OU=Kroger Technology & Digital,O=The Kroger Co.,L=Cincinnati,ST=Ohio,C=US","2026-05-11T06:55:39.1770000","2026-05-11T06:45:38.0000000","2027-06-05T06:45:38.0000000","ecspci.fl346.kroger.com","Anjali","NO",""
"5E00018C93CAE5135E75FA52CD000000018C93","CN=ecspci.fl346.kroger.com,OU=Kroger Technology & Digital,O=The Kroger Co.,L=Cincinnati,ST=Ohio,C=US","2026-05-11T06:56:46.5730000","2026-05-11T06:46:24.0000000","2027-06-05T06:46:24.0000000","ecspci.fl346.kroger.com","Anjali","NO",""
"5E00018C9667EA87F78D96171F000000018C96","CN=ecspci.fl346.kroger.com,OU=Kroger Technology & Digital,O=The Kroger Co.,L=Cincinnati,ST=Ohio,C=US","2026-05-11T06:56:46.7070000","2026-05-11T06:46:24.0000000","2027-06-05T06:46:24.0000000","ecspci.fl346.kroger.com","Anjali","NO",""
"5E0001859F1B62DA581E25F54200000001859F","CN=ecspci.fl347.kroger.com,OU=Kroger Technology & Digital,O=The Kroger Co.,L=Cincinnati,ST=Ohio,C=US","2026-05-02T08:58:50.5100000","2026-05-02T08:48:49.0000000","2027-05-27T08:48:49.0000000","ecspci.fl347.kroger.com","Raja","Yes",""
"5E00001A30B820A81D230D3CB0000000001A30","CN=ecspci.fl349.kroger.com,OU=Kroger Technology & Digital,O=The Kroger Co.,L=Cincinnati,ST=Ohio,C=US","2025-07-30T11:16:27.6400000","2025-07-30T11:06:24.0000000","2026-08-24T11:06:24.0000000","ecspci.fl349.kroger.com","Raja","Yes",""
"5E00019A2EE5DD67B7D0BBA52C000000019A2E","CN=ecspci.fl374.kroger.com,OU=Kroger Technology & Digital,O=The Kroger Co.,L=Cincinnati,ST=Ohio,C=US","2026-05-15T17:08:45.9270000","2026-05-15T16:58:44.0000000","2027-06-09T16:58:44.0000000","ecspci.fl374.kroger.com","Raja","Yes",""
"5E000185F8FE5CB571149E09A20000000185F8","CN=ecspci.fl385.kroger.com,OU=Kroger Technology & Digital,O=The Kroger Co.,L=Cincinnati,ST=Ohio,C=US","2026-05-10T10:12:26.7670000","2026-05-10T10:02:25.0000000","2027-06-04T10:02:25.0000000","ecspci.fl385.kroger.com","Raja","Yes",""
"5E000185A0CA9E959C823EEBEE0000000185A0","CN=ecspci.fl386.kroger.com,OU=Kroger Technology & Digital,O=The Kroger Co.,L=Cincinnati,ST=Ohio,C=US","2026-05-02T10:25:50.8730000","2026-05-02T10:15:49.0000000","2027-05-27T10:15:49.0000000","ecspci.fl386.kroger.com","Raja","Yes",""
"5E00019A29F8CEFD7ACE61EAE7000000019A29","CN=ecspci.fl389.kroger.com,OU=Kroger Technology & Digital,O=The Kroger Co.,L=Cincinnati,ST=Ohio,C=US","2026-05-15T11:02:38.0600000","2026-05-15T10:52:37.0000000","2027-06-09T10:52:37.0000000","ecspci.fl389.kroger.com","Raja","Yes",""
"5E000184B3BBA75C5653406A930000000184B3","CN=ecspci.fl397.kroger.com,OU=Kroger Technology & Digital,O=The Kroger Co.,L=Cincinnati,ST=Ohio,C=US","2026-04-20T00:05:04.7070000","2026-04-19T23:55:03.0000000","2027-05-14T23:55:03.0000000","ecspci.fl397.kroger.com","Raja","Yes",""
"5E000185F5E209ED9D1824CAC10000000185F5","CN=ecspci.fl398.kroger.com,OU=Kroger Technology & Digital,O=The Kroger Co.,L=Cincinnati,ST=Ohio,C=US","2026-05-10T09:02:09.1030000","2026-05-10T08:52:08.0000000","2027-06-04T08:52:08.0000000","ecspci.fl398.kroger.com","Raja","Yes",""
"5E000185AA85A8834606C10EFB0000000185AA","CN=ecspci.fl517.kroger.com,OU=Kroger Technology & Digital,O=The Kroger Co.,L=Cincinnati,ST=Ohio,C=US","2026-05-03T12:05:13.4700000","2026-05-03T11:55:12.0000000","2027-05-28T11:55:12.0000000","ecspci.fl517.kroger.com","Raja","Yes",""
"5E00018598BEB2D5168E122234000000018598","CN=ecspci.fl765.kroger.com,OU=Kroger Technology & Digital,O=The Kroger Co.,L=Cincinnati,ST=Ohio,C=US","2026-05-01T21:34:23.9730000","2026-05-01T21:24:23.0000000","2027-05-26T21:24:23.0000000","ecspci.fl765.kroger.com","Raja","Yes",""
"5E00018490FB36B807E6F83813000000018490","CN=ecspci.fl774.kroger.com,OU=Kroger Technology & Digital,O=The Kroger Co.,L=Cincinnati,ST=Ohio,C=US","2026-04-17T11:15:38.1970000","2026-04-17T11:05:36.0000000","2027-05-12T11:05:36.0000000","ecspci.fl774.kroger.com","Raja","Yes",""
"5E000184A8623FB2EDFEC5A84E0000000184A8","CN=ecspci.fl781.kroger.com,OU=Kroger Technology & Digital,O=The Kroger Co.,L=Cincinnati,ST=Ohio,C=US","2026-04-18T08:09:14.1900000","2026-04-18T07:59:12.0000000","2027-05-13T07:59:12.0000000","ecspci.fl781.kroger.com","Raja","Yes",""
"5E000184AC1B8554EE6FE2F80A0000000184AC","CN=ecspci.fl782.kroger.com,OU=Kroger Technology & Digital,O=The Kroger Co.,L=Cincinnati,ST=Ohio,C=US","2026-04-19T03:31:03.1230000","2026-04-19T03:21:02.0000000","2027-05-14T03:21:02.0000000","ecspci.fl782.kroger.com","Raja","Yes",""
"5E00000F2C408C436F40EE5646000000000F2C","CN=ecspci.lo001.kroger.com,OU=Kroger Technology & Digital,O=The Kroger Co.,L=Cincinnati,ST=Ohio,C=US","2025-06-20T10:13:37.8130000","2025-06-20T10:03:37.0000000","2026-07-15T10:03:37.0000000","ecspci.lo001.kroger.com","Raja","Yes",""
"5E00000F2DE83141A6FA9D9DFF000000000F2D","CN=ecspci.lo001.kroger.com,OU=Kroger Technology & Digital,O=The Kroger Co.,L=Cincinnati,ST=Ohio,C=US","2025-06-20T10:16:20.5470000","2025-06-20T10:06:20.0000000","2026-07-15T10:06:20.0000000","ecspci.lo001.kroger.com","Raja","Yes",""
"5E00000F2E60E4E365865600D8000000000F2E","CN=ecspci.lo001.kroger.com,OU=Kroger Technology & Digital,O=The Kroger Co.,L=Cincinnati,ST=Ohio,C=US","2025-06-20T10:17:46.2870000","2025-06-20T10:07:46.0000000","2026-07-15T10:07:46.0000000","ecspci.lo001.kroger.com","Raja","Yes",""
"5E00000F2FA3A94F69989C4EC7000000000F2F","CN=ecspci.lo001.kroger.com,OU=Kroger Technology & Digital,O=The Kroger Co.,L=Cincinnati,ST=Ohio,C=US","2025-06-20T10:19:19.0430000","2025-06-20T10:09:18.0000000","2026-07-15T10:09:18.0000000","ecspci.lo001.kroger.com","Raja","Yes",""
"5E00000F30B6ED286098036775000000000F30","CN=ecspci.lo001.kroger.com,OU=Kroger Technology & Digital,O=The Kroger Co.,L=Cincinnati,ST=Ohio,C=US","2025-06-20T10:19:30.4230000","2025-06-20T10:09:30.0000000","2026-07-15T10:09:30.0000000","ecspci.lo001.kroger.com","Raja","Yes",""
"5E00016D66D269C1A8D705D305000000016D66","CN=ecspci.lo017.kroger.com,OU=Kroger Technology & Digital,O=The Kroger Co.,L=Cincinnati,ST=Ohio,C=US","2026-03-20T14:17:00.6370000","2026-03-20T14:06:59.0000000","2027-04-14T14:06:59.0000000","ecspci.lo017.kroger.com","Raja","Yes",""
"5E000177B72E7F93C5634497510000000177B7","CN=ecspci.lo070.kroger.com,OU=Kroger Technology & Digital,O=The Kroger Co.,L=Cincinnati,ST=Ohio,C=US","2026-04-05T09:58:27.8170000","2026-04-05T09:48:26.0000000","2027-04-30T09:48:26.0000000","ecspci.lo070.kroger.com","Raja","Yes",""
"5E00016C5C4218CA4A33B4E069000000016C5C","CN=ecspci.lo073.kroger.com,OU=Kroger Technology & Digital,O=The Kroger Co.,L=Cincinnati,ST=Ohio,C=US","2026-03-02T05:35:04.2000000","2026-03-02T05:25:00.0000000","2027-03-27T05:25:00.0000000","ecspci.lo073.kroger.com","Raja","Yes",""
"5E00016D60340B979713D1C989000000016D60","CN=ecspci.lo079.kroger.com,OU=Kroger Technology & Digital,O=The Kroger Co.,L=Cincinnati,ST=Ohio,C=US","2026-03-20T10:13:15.0570000","2026-03-20T10:03:14.0000000","2027-04-14T10:03:14.0000000","ecspci.lo079.kroger.com","Raja","Yes",""
"5E000177B0FC80225DB60744840000000177B0","CN=ecspci.lo873.kroger.com,OU=Kroger Technology & Digital,O=The Kroger Co.,L=Cincinnati,ST=Ohio,C=US","2026-04-05T06:11:57.4400000","2026-04-05T06:01:56.0000000","2027-04-30T06:01:56.0000000","ecspci.lo873.kroger.com","Raja","Yes",""
"5E00017923D2FF6F897BFF5117000000017923","CN=ecspci.rm183.kroger.com,OU=Kroger Technology & Digital,O=The Kroger Co.,L=Cincinnati,ST=Ohio,C=US","2026-04-10T20:44:24.0030000","2026-04-10T20:34:22.0000000","2027-05-05T20:34:22.0000000","ecspci.rm183.kroger.com","Raja","Yes",""
"5E000179256FC64555E77B295A000000017925","CN=ecspci.rm408.kroger.com,OU=Kroger Technology & Digital,O=The Kroger Co.,L=Cincinnati,ST=Ohio,C=US","2026-04-11T22:27:18.7900000","2026-04-11T22:17:14.0000000","2027-05-06T22:17:14.0000000","ecspci.rm408.kroger.com","Raja","Yes",""
"5E00019CE9CB448C14710B7A63000000019CE9","CN=ecspci.ru360.kroger.com,OU=Kroger Technology & Digital,O=The Kroger Co.,L=Cincinnati,ST=Ohio,C=US","2026-05-25T19:14:08.9970000","2026-05-25T19:04:05.0000000","2027-06-19T19:04:05.0000000","ecspci.ru360.kroger.com","Raja","Yes",""
"5E00016A68006D515ED53B43FB000000016A68","CN=ecspci.sm303.kroger.com,OU=Kroger Technology & Digital,O=The Kroger Co.,L=Cincinnati,ST=Ohio,C=US","2026-01-15T05:36:40.3100000","2026-01-15T05:26:36.0000000","2027-02-09T05:26:36.0000000","ecspci.sm303.kroger.com","Raja","Yes",""
"5E0001792CD2E494AD7F9FD67D00000001792C","CN=ecspci.sm415.kroger.com,OU=Kroger Technology & Digital,O=The Kroger Co.,L=Cincinnati,ST=Ohio,C=US","2026-04-12T11:30:26.4700000","2026-04-12T11:20:24.0000000","2027-05-07T11:20:24.0000000","ecspci.sm415.kroger.com","Raja","Yes",""
"5E0000266DB8C349853A3CECD600000000266D","CN=ecsx.ci003.kroger.com,OU=Kroger Technology & Digital,O=The Kroger Co.,L=Cincinnati,ST=OH,C=US","2025-09-29T15:26:01.8400000","2025-09-29T15:16:01.0000000","2026-10-24T15:16:01.0000000","ecsx.ci003.kroger.com","Raja","NO",""
"7D000022325A15C48EDD67D817000000002232","E=satinstorecloud@kroger.com,CN=gcp-internal.kroger.com,OU=INF-InStoreCloud,O=The Kroger Co.,L=Cincinnati,ST=OH,C=US","2026-04-22T18:14:22.6770000","2026-04-22T18:04:22.0000000","2027-05-17T18:04:22.0000000","gcp-internal.kroger.com","Raja","","Not Sure"
"410000A1F39DC1A6FDAD55AF9B00000000A1F3","E=SATInStoreCloud@Kroger.com,CN=iscpcc.gcp-internal.kroger.com,OU=INF-InStoreCloud,O=The Kroger Co.,L=Cincinnati,ST=OH,C=US","2026-03-16T15:29:27.9330000","2026-03-16T15:19:27.0000000","2027-04-10T15:19:27.0000000","iscpcc.gcp-internal.kroger.com","Raja","Yes",""
"410000A8F63F29224CBEBE319100000000A8F6","E=SATInStoreCloud@Kroger.com,CN=iscpcc-nonprod.gcp-internal.kroger.com,OU=INF-InStoreCloud,O=The Kroger Co.,L=Cincinnati,ST=OH,C=US","2026-04-01T16:23:44.9700000","2026-04-01T16:13:44.0000000","2027-04-26T16:13:44.0000000","iscpcc-nonprod.gcp-internal.kroger.com","Raja","Yes",""
"5E00013FDA59A167451556AAAE000000013FDA","CN=nginx.ci003.kroger.com,OU=Kroger Technology & Digital,O=The Kroger Co.,L=Cincinnati,ST=Ohio,C=US","2025-10-14T17:47:34.7070000","2025-10-14T17:37:33.0000000","2026-11-08T17:37:33.0000000","nginx.ci003.kroger.com","Raja","","Not sure"
